Title,Category,Label
ring_00001,Baby Monitoring,Normal
ring_00002,Baby Monitoring,Vague Abnormal
ring_00004,Wildlife,Abnormal
ring_00007,Security,Abnormal
ring_00009,Wildlife,Vague Abnormal
ring_00012,Wildlife,Abnormal
ring_00014,Wildlife,Abnormal
ring_00018,Wildlife,Abnormal
ring_00019,"{""choices"":[""Wildlife"",""Pet Monitoring""]}",Abnormal
ring_00022,Security,Abnormal
ring_00024,Security,Normal
ring_00025,Pet Monitoring,Abnormal
ring_00026,Wildlife,Normal
ring_00027,Pet Monitoring,Normal
ring_00030,Wildlife,Abnormal
ring_00031,Security,Vague Abnormal
ring_00034,Pet Monitoring,Normal
ring_00036,"{""choices"":[""Security"",""Pet Monitoring"",""Kid Monitoring""]}",Normal
ring_00037,"{""choices"":[""Security"",""Pet Monitoring""]}",Normal
ring_00040,Wildlife,Normal
ring_00041,Wildlife,Abnormal
ring_00042,"{""choices"":[""Security"",""Pet Monitoring""]}",Vague Abnormal
ring_00043,Security,Normal
ring_00044,Security,Normal
ring_00045,Baby Monitoring,Normal
ring_00046,Pet Monitoring,Normal
ring_00047,Security,Abnormal
ring_00048,Pet Monitoring,Normal
ring_00049,Wildlife,Abnormal
ring_00051,Pet Monitoring,Normal
ring_00054,"{""choices"":[""Security"",""Wildlife""]}",Abnormal
ring_00056,"{""choices"":[""Security"",""Baby Monitoring""]}",Normal
ring_00058,Kid Monitoring,Normal
ring_00059,Wildlife,Abnormal
ring_00061,"{""choices"":[""Wildlife"",""Pet Monitoring""]}",Abnormal
ring_00064,Pet Monitoring,Normal
ring_00065,Pet Monitoring,Abnormal
ring_00068,"{""choices"":[""Security"",""Wildlife""]}",Abnormal
ring_00069,Pet Monitoring,Abnormal
ring_00070,Pet Monitoring,Abnormal
ring_00072,Pet Monitoring,Normal
ring_00074,Security,Normal
ring_00077,Wildlife,Abnormal
ring_00078,Wildlife,Abnormal
ring_00079,Pet Monitoring,Normal
ring_00080,Other Category,Normal
ring_00082,Wildlife,Abnormal
ring_00083,Security,Normal
ring_00084,Security,Abnormal
ring_00085,Kid Monitoring,Normal
ring_00086,Wildlife,Abnormal
ring_00087,Pet Monitoring,Abnormal
ring_00088,Wildlife,Abnormal
ring_00090,Wildlife,Abnormal
ring_00091,Wildlife,Vague Abnormal
ring_00093,Wildlife,Abnormal
ring_00094,Security,Normal
ring_00095,Pet Monitoring,Normal
ring_00099,Wildlife,Abnormal
ring_00100,Wildlife,Abnormal
ring_00103,Wildlife,Abnormal
ring_00104,Pet Monitoring,Normal
ring_00106,Pet Monitoring,Normal
ring_00107,Pet Monitoring,Abnormal
ring_00110,Pet Monitoring,Abnormal
ring_00113,Wildlife,Abnormal
ring_00115,Senior Care,Vague Abnormal
ring_00116,Pet Monitoring,Abnormal
ring_00118,Wildlife,Abnormal
ring_00119,Wildlife,Abnormal
ring_00120,"{""choices"":[""Security"",""Wildlife""]}",Abnormal
ring_00121,Security,Vague Abnormal
ring_00124,Wildlife,Abnormal
ring_00126,Wildlife,Abnormal
ring_00129,Pet Monitoring,Normal
ring_00135,Security,Normal
ring_00136,Wildlife,Abnormal
ring_00147,Pet Monitoring,Normal
ring_00149,Security,Abnormal
ring_00150,Wildlife,Abnormal
ring_00151,Pet Monitoring,Vague Abnormal
ring_00152,Kid Monitoring,Normal
ring_00153,Security,Abnormal
ring_00154,Pet Monitoring,Normal
ring_00157,Wildlife,Abnormal
ring_00158,Security,Abnormal
ring_00159,Wildlife,Abnormal
ring_00160,Security,Vague Abnormal
ring_00161,Wildlife,Normal
ring_00162,Wildlife,Abnormal
ring_00163,Pet Monitoring,Normal
ring_00165,Pet Monitoring,Abnormal
ring_00166,Pet Monitoring,Vague Abnormal
ring_00168,Security,Abnormal
ring_00170,Pet Monitoring,Abnormal
ring_00172,Wildlife,Abnormal
ring_00173,Security,Abnormal
ring_00174,Security,Normal
ring_00175,Wildlife,Abnormal
ring_00180,Security,Normal
ring_00181,Pet Monitoring,Normal
ring_00182,Wildlife,Abnormal
ring_00183,Security,Abnormal
ring_00184,Wildlife,Abnormal
ring_00186,Wildlife,Abnormal
ring_00187,Pet Monitoring,Normal
ring_00189,Kid Monitoring,Normal
ring_00190,Wildlife,Abnormal
ring_00194,Wildlife,Abnormal
ring_00196,Wildlife,Abnormal
ring_00197,Wildlife,Vague Abnormal
ring_00199,Wildlife,Abnormal
ring_00200,Pet Monitoring,Normal
ring_00203,Wildlife,Normal
ring_00204,Security,Normal
ring_00207,Wildlife,Abnormal
ring_00208,Security,Abnormal
ring_00210,Security,Abnormal
ring_00211,Wildlife,Abnormal
ring_00213,Kid Monitoring,Abnormal
ring_00216,Pet Monitoring,Normal
ring_00217,Wildlife,Abnormal
ring_00218,Security,Vague Abnormal
ring_00219,Pet Monitoring,Normal
ring_00220,Security,Normal
ring_00221,Security,Abnormal
ring_00224,Pet Monitoring,Abnormal
ring_00225,Wildlife,Abnormal
ring_00226,Security,Abnormal
ring_00227,Security,Abnormal
ring_00231,Pet Monitoring,Vague Abnormal
ring_00232,Baby Monitoring,Normal
ring_00233,Pet Monitoring,Normal
ring_00235,Pet Monitoring,Abnormal
ring_00236,Security,Abnormal
ring_00237,Wildlife,Abnormal
ring_00239,Wildlife,Abnormal
ring_00240,Wildlife,Abnormal
ring_00241,Security,Normal
ring_00242,Wildlife,Abnormal
ring_00244,Pet Monitoring,Normal
ring_00245,Pet Monitoring,Normal
ring_00246,Pet Monitoring,Abnormal
ring_00249,Pet Monitoring,Normal
ring_00250,Wildlife,Abnormal
ring_00251,Wildlife,Abnormal
ring_00255,Security,Abnormal
ring_00256,Wildlife,Abnormal
ring_00257,Wildlife,Abnormal
ring_00258,Security,Vague Abnormal
ring_00259,Wildlife,Abnormal
ring_00261,Wildlife,Abnormal
ring_00263,Wildlife,Normal
ring_00264,Pet Monitoring,Vague Abnormal
ring_00265,Security,Abnormal
ring_00266,Wildlife,Abnormal
ring_00268,Wildlife,Abnormal
ring_00270,Wildlife,Abnormal
ring_00271,Pet Monitoring,Normal
ring_00272,Security,Normal
ring_00275,Security,Vague Abnormal
ring_00277,Pet Monitoring,Normal
ring_00279,Kid Monitoring,Abnormal
ring_00280,Security,Normal
ring_00281,Wildlife,Abnormal
ring_00282,Security,Abnormal
ring_00285,Baby Monitoring,Normal
ring_00287,Security,Abnormal
ring_00290,Security,Abnormal
ring_00294,Wildlife,Abnormal
ring_00296,Wildlife,Abnormal
ring_00297,Wildlife,Abnormal
ring_00300,Pet Monitoring,Normal
ring_00301,Wildlife,Abnormal
ring_00304,Wildlife,Abnormal
ring_00309,Pet Monitoring,Normal
ring_00310,Security,Abnormal
ring_00311,Security,Normal
ring_00312,Security,Normal
ring_00313,Security,Abnormal
ring_00314,Security,Normal
ring_00316,Wildlife,Abnormal
ring_00317,Security,Abnormal
ring_00319,Wildlife,Abnormal
ring_00320,Security,Abnormal
ring_00321,Security,Normal
ring_00322,Wildlife,Normal
ring_00323,Pet Monitoring,Abnormal
ring_00324,Security,Vague Abnormal
ring_00325,Security,Abnormal
ring_00326,Wildlife,Abnormal
ring_00327,Security,Normal
ring_00328,"{""choices"":[""Security"",""Pet Monitoring""]}",Vague Abnormal
ring_00329,Baby Monitoring,Normal
ring_00333,Wildlife,Abnormal
ring_00334,Wildlife,Abnormal
ring_00335,Kid Monitoring,Normal
ring_00336,Security,Vague Abnormal
ring_00338,Security,Normal
ring_00340,Pet Monitoring,Normal
ring_00341,Pet Monitoring,Abnormal
ring_00344,Wildlife,Abnormal
ring_00346,Security,Normal
ring_00348,Wildlife,Vague Abnormal
ring_00349,Pet Monitoring,Normal
ring_00352,Wildlife,Vague Abnormal
ring_00355,Pet Monitoring,Normal
ring_00356,Wildlife,Abnormal
ring_00358,Security,Vague Abnormal
ring_00360,Pet Monitoring,Normal
ring_00363,Security,Normal
ring_00364,Security,Vague Abnormal
ring_00365,Kid Monitoring,Normal
ring_00366,Pet Monitoring,Normal
ring_00368,Pet Monitoring,Abnormal
ring_00369,Security,Normal
ring_00370,Security,Normal
ring_00371,Kid Monitoring,Abnormal
ring_00373,Kid Monitoring,Abnormal
ring_00390,Kid Monitoring,Normal
ring_00391,Security,Vague Abnormal
ring_00392,Security,Abnormal
ring_00393,Wildlife,Abnormal
ring_00396,Pet Monitoring,Normal
ring_00397,Pet Monitoring,Abnormal
ring_00401,Security,Normal
ring_00402,Pet Monitoring,Normal
ring_00403,Security,Vague Abnormal
ring_00404,Wildlife,Abnormal
ring_00405,Wildlife,Abnormal
ring_00406,Wildlife,Abnormal
ring_00407,Security,Normal
ring_00408,Wildlife,Abnormal
ring_00412,Security,Abnormal
ring_00413,Wildlife,Abnormal
ring_00419,Security,Abnormal
ring_00423,Wildlife,Abnormal
ring_00425,Wildlife,Abnormal
ring_00429,Security,Vague Abnormal
ring_00430,Security,Normal
ring_00431,Wildlife,Abnormal
ring_00432,Security,Abnormal
ring_00438,Wildlife,Abnormal
ring_00439,Security,Abnormal
ring_00440,Security,Abnormal
ring_00441,Pet Monitoring,Abnormal
ring_00443,Wildlife,Abnormal
ring_00444,Security,Abnormal
ring_00445,Wildlife,Abnormal
ring_00446,Security,Normal
ring_00447,Wildlife,Abnormal
ring_00448,Pet Monitoring,Normal
ring_00449,Security,Normal
ring_00453,Wildlife,Abnormal
ring_00455,Wildlife,Abnormal
ring_00456,Security,Vague Abnormal
ring_00459,Wildlife,Abnormal
ring_00460,"{""choices"":[""Pet Monitoring"",""Kid Monitoring""]}",Normal
ring_00461,Security,Vague Abnormal
ring_00462,Pet Monitoring,Abnormal
ring_00463,Security,Normal
ring_00465,Wildlife,Abnormal
ring_00466,Security,Normal
ring_00469,Security,Normal
ring_00470,Security,Abnormal
ring_00471,Security,Normal
ring_00473,Pet Monitoring,Normal
ring_00474,Security,Vague Abnormal
ring_00477,Security,Normal
ring_00480,Security,Abnormal
ring_00481,Security,Vague Abnormal
ring_00483,Security,Abnormal
ring_00484,Security,Vague Abnormal
ring_00490,Security,Vague Abnormal
ring_00492,Security,Abnormal
ring_00493,Security,Normal
ring_00494,Security,Vague Abnormal
ring_00495,Wildlife,Abnormal
ring_00496,Wildlife,Abnormal
ring_00497,Security,Abnormal
ring_00499,Wildlife,Abnormal
ring_00504,Pet Monitoring,Normal
ring_00505,Wildlife,Abnormal
ring_00509,Security,Normal
ring_00511,Wildlife,Abnormal
ring_00512,Security,Abnormal
ring_00515,Security,Abnormal
ring_00516,Wildlife,Abnormal
ring_00518,Wildlife,Abnormal
ring_00521,Wildlife,Normal
ring_00522,Pet Monitoring,Abnormal
ring_00524,Security,Abnormal
ring_00525,Pet Monitoring,Abnormal
ring_00529,Wildlife,Abnormal
ring_00530,Security,Normal
ring_00531,Wildlife,Abnormal
ring_00532,Wildlife,Abnormal
ring_00533,Security,Vague Abnormal
ring_00534,Security,Abnormal
ring_00535,Wildlife,Abnormal
ring_00538,Wildlife,Abnormal
ring_00539,Security,Abnormal
ring_00540,Wildlife,Abnormal
ring_00543,Wildlife,Abnormal
ring_00544,Security,Abnormal
ring_00545,Wildlife,Normal
ring_00546,Security,Normal
ring_00547,Security,Normal
ring_00548,Security,Abnormal
ring_00550,Other Category,Abnormal
ring_00552,Security,Normal
ring_00554,Security,Abnormal
ring_00555,Wildlife,Abnormal
ring_00556,Wildlife,Abnormal
ring_00560,Pet Monitoring,Abnormal
ring_00561,Security,Vague Abnormal
ring_00565,Wildlife,Abnormal
ring_00567,Baby Monitoring,Normal
ring_00570,Security,Abnormal
ring_00571,Pet Monitoring,Normal
ring_00572,Pet Monitoring,Normal
ring_00577,Wildlife,Abnormal
ring_00579,Wildlife,Abnormal
ring_00580,Security,Abnormal
ring_00585,Security,Abnormal
ring_00586,Wildlife,Abnormal
ring_00594,Security,Abnormal
ring_00595,Security,Normal
ring_00600,Security,Normal
ring_00601,Pet Monitoring,Abnormal
ring_00604,Pet Monitoring,Normal
ring_00605,Security,Abnormal
ring_00606,Security,Normal
ring_00607,"{""choices"":[""Pet Monitoring"",""Kid Monitoring""]}",Normal
ring_00609,Security,Abnormal
ring_00611,Security,Normal
ring_00612,Security,Normal
ring_00614,Security,Vague Abnormal
ring_00616,Kid Monitoring,Vague Abnormal
ring_00617,Security,Normal
ring_00621,Security,Normal
ring_00622,Pet Monitoring,Normal
ring_00623,Baby Monitoring,Normal
ring_00626,Security,Normal
ring_00628,Security,Normal
ring_00630,Security,Normal
ring_00631,Wildlife,Abnormal
ring_00633,"{""choices"":[""Security"",""Wildlife""]}",Abnormal
ring_00635,Security,Abnormal
ring_00636,Wildlife,Abnormal
ring_00637,Security,Abnormal
ring_00644,Pet Monitoring,Normal
ring_00645,Security,Vague Abnormal
ring_00646,Wildlife,Abnormal
ring_00647,Security,Abnormal
ring_00651,Wildlife,Vague Abnormal
ring_00652,Security,Abnormal
ring_00653,Security,Normal
ring_00654,Security,Normal
ring_00655,Security,Normal
ring_00656,Wildlife,Normal
ring_00660,Security,Normal
ring_00661,Pet Monitoring,Normal
ring_00662,Security,Abnormal
ring_00663,Pet Monitoring,Normal
ring_00664,Security,Normal
ring_00665,Security,Normal
ring_00666,Security,Normal
ring_00667,Pet Monitoring,Abnormal
ring_00669,Kid Monitoring,Normal
ring_00670,Pet Monitoring,Normal
ring_00672,Security,Vague Abnormal
ring_00673,Security,Normal
ring_00674,Pet Monitoring,Normal
ring_00675,Wildlife,Abnormal
ring_00676,Security,Normal
ring_00678,Security,Normal
ring_00679,Security,Normal
ring_00680,Pet Monitoring,Normal
ring_00681,Pet Monitoring,Normal
ring_00683,Security,Abnormal
ring_00684,Security,Normal
ring_00687,Security,Normal
ring_00689,Security,Abnormal
ring_00690,"{""choices"":[""Security"",""Pet Monitoring""]}",Normal
ring_00693,Security,Normal
ring_00697,Security,Abnormal
ring_00698,Security,Normal
ring_00700,Security,Normal
ring_00703,Security,Normal
ring_00705,Security,Normal
ring_00706,Pet Monitoring,Normal
ring_00710,Security,Vague Abnormal
ring_00711,Security,Normal
ring_00714,Wildlife,Abnormal
ring_00724,Pet Monitoring,Normal
ring_00726,Wildlife,Abnormal
ring_00728,Security,Normal
ring_00729,Pet Monitoring,Normal
ring_00730,Security,Normal
ring_00731,Security,Normal
ring_00732,Security,Normal
ring_00733,Security,Normal
ring_00734,Security,Normal
ring_00735,Security,Normal
ring_00739,Security,Normal
ring_00740,Security,Abnormal
ring_00743,Pet Monitoring,Normal
ring_00744,Security,Vague Abnormal
ring_00750,Security,Normal
ring_00751,Security,Abnormal
ring_00752,Security,Normal
ring_00753,Wildlife,Abnormal
ring_00755,Security,Abnormal
ring_00757,Wildlife,Abnormal
ring_00758,Security,Vague Abnormal
ring_00759,Kid Monitoring,Normal
ring_00762,Security,Abnormal
ring_00763,Security,Normal
ring_00767,Security,Abnormal
ring_00769,Pet Monitoring,Normal
ring_00770,"{""choices"":[""Security"",""Wildlife""]}",Abnormal
ring_00772,Security,Abnormal
ring_00773,Security,Normal
ring_00775,Security,Vague Abnormal
ring_00777,Security,Vague Abnormal
ring_00778,Wildlife,Abnormal
ring_00780,Security,Vague Abnormal
ring_00782,Wildlife,Abnormal
ring_00784,Security,Abnormal
ring_00785,Security,Abnormal
ring_00787,Wildlife,Abnormal
ring_00788,Kid Monitoring,Normal
ring_00789,Security,Abnormal
ring_00791,Security,Vague Abnormal
ring_00793,Security,Vague Abnormal
ring_00796,"{""choices"":[""Security"",""Kid Monitoring""]}",Normal
ring_00798,Wildlife,Abnormal
ring_00799,Wildlife,Abnormal
ring_00800,Security,Abnormal
ring_00802,Kid Monitoring,Normal
ring_00808,Kid Monitoring,Abnormal
ring_00811,Kid Monitoring,Normal
ring_00814,Wildlife,Abnormal
ring_00815,Security,Abnormal
ring_00816,Baby Monitoring,Normal
ring_00817,Wildlife,Abnormal
ring_00819,Security,Normal
ring_00820,Security,Normal
ring_00822,Wildlife,Abnormal
ring_00823,Pet Monitoring,Normal
ring_00826,Security,Abnormal
ring_00828,Pet Monitoring,Abnormal
ring_00834,Security,Normal
ring_00835,Pet Monitoring,Abnormal
ring_00836,Security,Abnormal
ring_00838,Security,Abnormal
ring_00840,Security,Abnormal
ring_00841,Security,Normal
ring_00843,Pet Monitoring,Normal
ring_00845,Wildlife,Abnormal
ring_00847,Kid Monitoring,Normal
ring_00848,Wildlife,Normal
ring_00851,Other Category,Normal
ring_00852,Security,Abnormal
ring_00853,Wildlife,Abnormal
ring_00854,Security,Normal
ring_00855,Pet Monitoring,Normal
ring_00865,Wildlife,Abnormal
ring_00866,Pet Monitoring,Normal
ring_00869,Security,Abnormal
ring_00874,Security,Abnormal
ring_00876,Wildlife,Abnormal
ring_00879,Security,Abnormal
ring_00881,Kid Monitoring,Vague Abnormal
ring_00883,Wildlife,Abnormal
ring_00884,Security,Abnormal
ring_00892,Wildlife,Abnormal
ring_00893,Security,Abnormal
ring_00895,Wildlife,Abnormal
ring_00899,Security,Abnormal
ring_00907,Security,Normal
ring_00911,Wildlife,Abnormal
ring_00913,Security,Vague Abnormal
ring_00916,Wildlife,Abnormal
ring_00917,Security,Normal
ring_00918,Wildlife,Abnormal
ring_00919,Security,Abnormal
ring_00920,Kid Monitoring,Normal
ring_00921,Wildlife,Abnormal
ring_00925,Other Category,Vague Abnormal
ring_00926,Wildlife,Abnormal
ring_00928,Security,Normal
ring_00929,Security,Abnormal
ring_00930,Pet Monitoring,Abnormal
ring_00931,Wildlife,Abnormal
ring_00940,Security,Abnormal
ring_00942,Pet Monitoring,Abnormal
ring_00943,Security,Vague Abnormal
ring_00945,Security,Abnormal
ring_00948,Kid Monitoring,Abnormal
ring_00949,"{""choices"":[""Security"",""Wildlife""]}",Abnormal
ring_00951,Security,Normal
ring_00953,Security,Abnormal
ring_00960,Wildlife,Abnormal
ring_00964,Wildlife,Abnormal
ring_00965,Security,Normal
ring_00969,Security,Abnormal
ring_00979,Security,Vague Abnormal
ring_00980,Security,Abnormal
ring_00987,Security,Abnormal
ring_00989,Security,Normal
ring_00991,Security,Abnormal
ring_00995,Wildlife,Abnormal
ring_00998,Security,Abnormal
ring_01000,Pet Monitoring,Abnormal
ring_01002,Wildlife,Abnormal
ring_01003,Pet Monitoring,Abnormal
ring_01004,Pet Monitoring,Normal
ring_01008,Security,Abnormal
ring_01017,Wildlife,Abnormal
ring_01019,Security,Normal
ring_01022,Security,Abnormal
ring_01026,Wildlife,Abnormal
ring_01027,Wildlife,Abnormal
ring_01029,Wildlife,Abnormal
ring_01030,Pet Monitoring,Abnormal
ring_01032,"{""choices"":[""Security"",""Wildlife""]}",Abnormal
ring_01033,Wildlife,Abnormal
ring_01035,Security,Normal
ring_01037,Security,Normal
ring_01042,Kid Monitoring,Normal
ring_01043,Security,Abnormal
ring_01050,Security,Normal
ring_01052,Security,Abnormal
ring_01053,Security,Abnormal
ring_01054,Wildlife,Abnormal
ring_01069,Security,Abnormal
ring_01080,Wildlife,Abnormal
ring_01091,Pet Monitoring,Abnormal
ring_01093,Pet Monitoring,Abnormal
ring_01095,Wildlife,Abnormal
ring_01097,Security,Abnormal
ring_01101,Security,Normal
ring_01105,Wildlife,Abnormal
ring_01106,Security,Abnormal
ring_01119,Wildlife,Abnormal
ring_01120,Kid Monitoring,Normal
ring_01124,Security,Normal
ring_01147,Security,Normal
ring_01169,Security,Abnormal
ring_01171,Pet Monitoring,Abnormal
ring_01175,Wildlife,Abnormal
ring_01176,Wildlife,Abnormal
ring_01252,Pet Monitoring,Normal
ring_01254,Security,Normal
ring_01255,Baby Monitoring,Normal
ring_01256,Security,Normal
ring_01260,Wildlife,Abnormal
ring_01266,Pet Monitoring,Normal
ring_01267,Security,Normal
ring_01268,Kid Monitoring,Normal
ring_01269,Security,Normal
ring_01270,Baby Monitoring,Normal
ring_01295,Pet Monitoring,Abnormal
ring_01298,Security,Abnormal
ring_01309,Pet Monitoring,Normal
ring_01313,Security,Normal
ring_01314,Wildlife,Abnormal
ring_01317,Pet Monitoring,Abnormal
ring_01323,Wildlife,Abnormal
ring_01324,Wildlife,Abnormal
ring_01334,Wildlife,Abnormal
ring_01335,Kid Monitoring,Normal
ring_01337,Wildlife,Abnormal
ring_01338,Security,Normal
ring_01341,Wildlife,Abnormal
ring_01344,Security,Normal
ring_01351,Wildlife,Abnormal
ring_01355,Pet Monitoring,Abnormal
ring_01360,Pet Monitoring,Abnormal
ring_01361,Security,Abnormal
ring_01366,Pet Monitoring,Normal
ring_01368,"{""choices"":[""Wildlife"",""Pet Monitoring""]}",Abnormal
ring_01369,Wildlife,Abnormal
ring_01371,"{""choices"":[""Security"",""Wildlife""]}",Abnormal
ring_01373,Wildlife,Abnormal
ring_01374,Security,Abnormal
ring_01377,Wildlife,Abnormal
ring_01379,Security,Normal
ring_01380,Wildlife,Abnormal
ring_01383,Security,Vague Abnormal
ring_01385,"{""choices"":[""Wildlife"",""Pet Monitoring""]}",Abnormal
ring_01393,Security,Vague Abnormal
ring_01398,Wildlife,Abnormal
ring_01401,Wildlife,Abnormal
ring_01405,Wildlife,Abnormal
ring_01406,"{""choices"":[""Security"",""Wildlife""]}",Abnormal
ring_01413,Pet Monitoring,Abnormal
ring_01417,Wildlife,Abnormal
ring_01425,Wildlife,Abnormal
ring_01430,"{""choices"":[""Security"",""Kid Monitoring""]}",Abnormal
ring_01432,Wildlife,Abnormal
ring_01439,Wildlife,Abnormal
ring_01440,"{""choices"":[""Wildlife"",""Pet Monitoring""]}",Abnormal
ring_01443,Wildlife,Abnormal
ring_01446,Pet Monitoring,Abnormal
ring_01449,Pet Monitoring,Abnormal
ring_01451,Wildlife,Abnormal
ring_01452,"{""choices"":[""Security"",""Pet Monitoring""]}",Abnormal
ring_01461,Wildlife,Abnormal
ring_01467,Wildlife,Abnormal
ring_01468,Pet Monitoring,Abnormal
ring_01476,Security,Normal
ring_01479,Pet Monitoring,Abnormal
ring_01487,Security,Normal
ring_00005,Wildlife,Abnormal
ring_00008,Pet Monitoring,Abnormal
ring_00010,Wildlife,Abnormal
ring_00011,Security,Abnormal
ring_00015,"{""choices"":[""Security"",""Pet Monitoring""]}",Abnormal
ring_00016,Security,Abnormal
ring_00017,Security,Normal
ring_00020,Wildlife,Abnormal
ring_00023,Security,Vague Abnormal
ring_00028,Kid Monitoring,Normal
ring_00029,Kid Monitoring,Abnormal
ring_00035,Security,Normal
ring_00038,Wildlife,Abnormal
ring_00039,Pet Monitoring,Abnormal
ring_00050,Wildlife,Vague Abnormal
ring_00052,Pet Monitoring,Abnormal
ring_00053,Wildlife,Abnormal
ring_00055,Security,Normal
ring_00060,Wildlife,Abnormal
ring_00062,Pet Monitoring,Normal
ring_00063,Pet Monitoring,Normal
ring_00071,Baby Monitoring,Normal
ring_00073,Security,Abnormal
ring_00075,Wildlife,Abnormal
ring_00081,Pet Monitoring,Normal
ring_00089,Pet Monitoring,Abnormal
ring_00092,Security,Normal
ring_00096,Wildlife,Normal
ring_00097,Kid Monitoring,Vague Abnormal
ring_00101,Wildlife,Abnormal
ring_00102,Wildlife,Abnormal
ring_00105,Security,Vague Abnormal
ring_00108,Security,Abnormal
ring_00109,"{""choices"":[""Security"",""Kid Monitoring""]}",Normal
ring_00112,Security,Normal
ring_00114,Wildlife,Abnormal
ring_00117,Security,Abnormal
ring_00122,Baby Monitoring,Normal
ring_00123,Wildlife,Abnormal
ring_00127,Wildlife,Abnormal
ring_00128,Security,Abnormal
ring_00131,Wildlife,Abnormal
ring_00132,Wildlife,Vague Abnormal
ring_00133,Kid Monitoring,Normal
ring_00134,Pet Monitoring,Normal
ring_00140,Wildlife,Abnormal
ring_00141,"{""choices"":[""Wildlife"",""Pet Monitoring""]}",Abnormal
ring_00142,Security,Abnormal
ring_00144,Wildlife,Abnormal
ring_00145,Pet Monitoring,Normal
ring_00155,Pet Monitoring,Normal
ring_00156,"{""choices"":[""Security"",""Wildlife""]}",Normal
ring_00164,Security,Normal
ring_00167,Security,Abnormal
ring_00169,Wildlife,Abnormal
ring_00171,Pet Monitoring,Normal
ring_00176,Pet Monitoring,Vague Abnormal
ring_00177,Wildlife,Abnormal
ring_00179,Wildlife,Abnormal
ring_00185,Pet Monitoring,Normal
ring_00188,Kid Monitoring,Normal
ring_00191,Wildlife,Abnormal
ring_00193,Security,Abnormal
ring_00195,Pet Monitoring,Abnormal
ring_00198,Kid Monitoring,Normal
ring_00201,"{""choices"":[""Wildlife"",""Pet Monitoring""]}",Abnormal
ring_00206,Pet Monitoring,Normal
ring_00212,Pet Monitoring,Normal
ring_00214,Pet Monitoring,Normal
ring_00222,Wildlife,Normal
ring_00228,Pet Monitoring,Abnormal
ring_00229,Security,Normal
ring_00230,Wildlife,Abnormal
ring_00234,Wildlife,Abnormal
ring_00238,Security,Vague Abnormal
ring_00243,Wildlife,Abnormal
ring_00247,Security,Abnormal
ring_00252,Other Category,Normal
ring_00253,Pet Monitoring,Vague Abnormal
ring_00269,Security,Abnormal
ring_00273,Wildlife,Abnormal
ring_00276,Security,Abnormal
ring_00278,Wildlife,Normal
ring_00283,Wildlife,Abnormal
ring_00284,Security,Abnormal
ring_00286,Wildlife,Abnormal
ring_00289,Baby Monitoring,Normal
ring_00292,Pet Monitoring,Abnormal
ring_00293,Security,Vague Abnormal
ring_00295,Security,Abnormal
ring_00298,Wildlife,Abnormal
ring_00302,Wildlife,Abnormal
ring_00303,Pet Monitoring,Normal
ring_00305,Security,Abnormal
ring_00306,Kid Monitoring,Vague Abnormal
ring_00307,Pet Monitoring,Vague Abnormal
ring_00308,Security,Abnormal
ring_00318,Wildlife,Abnormal
ring_00330,Security,Normal
ring_00331,Kid Monitoring,Normal
ring_00332,Pet Monitoring,Normal
ring_00337,Pet Monitoring,Normal
ring_00339,Security,Normal
ring_00342,Security,Abnormal
ring_00345,Security,Abnormal
ring_00347,Pet Monitoring,Abnormal
ring_00350,Security,Normal
ring_00351,Baby Monitoring,Normal
ring_00353,Security,Normal
ring_00354,Wildlife,Abnormal
ring_00357,Pet Monitoring,Normal
ring_00359,Wildlife,Vague Abnormal
ring_00361,Pet Monitoring,Abnormal
ring_00362,Wildlife,Abnormal
ring_00367,Wildlife,Abnormal
ring_00372,"{""choices"":[""Security"",""Wildlife"",""Pet Monitoring""]}",Abnormal
ring_00374,Wildlife,Abnormal
ring_00387,Pet Monitoring,Abnormal
ring_00394,Kid Monitoring,Normal
ring_00398,Wildlife,Abnormal
ring_00400,Wildlife,Abnormal
ring_00409,Wildlife,Abnormal
ring_00411,Wildlife,Abnormal
ring_00415,Wildlife,Abnormal
ring_00416,Wildlife,Abnormal
ring_00417,Pet Monitoring,Normal
ring_00418,Wildlife,Abnormal
ring_00420,Wildlife,Abnormal
ring_00421,Security,Normal
ring_00424,Kid Monitoring,Normal
ring_00426,Pet Monitoring,Normal
ring_00427,Security,Normal
ring_00428,Wildlife,Normal
ring_00433,Pet Monitoring,Normal
ring_00436,Wildlife,Abnormal
ring_00450,Wildlife,Abnormal
ring_00452,Security,Abnormal
ring_00457,Wildlife,Abnormal
ring_00464,Security,Abnormal
ring_00467,Wildlife,Abnormal
ring_00468,Wildlife,Abnormal
ring_00472,Wildlife,Abnormal
ring_00475,Kid Monitoring,Normal
ring_00478,Wildlife,Abnormal
ring_00479,Wildlife,Abnormal
ring_00486,"{""choices"":[""Security"",""Wildlife""]}",Abnormal
ring_00488,Wildlife,Abnormal
ring_00489,Security,Normal
ring_00491,Wildlife,Vague Abnormal
ring_00498,Wildlife,Abnormal
ring_00501,Security,Normal
ring_00502,Wildlife,Abnormal
ring_00503,Security,Normal
ring_00506,Security,Vague Abnormal
ring_00507,Kid Monitoring,Normal
ring_00508,Wildlife,Abnormal
ring_00510,Security,Abnormal
ring_00513,Security,Normal
ring_00514,Pet Monitoring,Normal
ring_00517,Security,Vague Abnormal
ring_00520,Security,Abnormal
ring_00523,Security,Normal
ring_00536,Security,Abnormal
ring_00537,Pet Monitoring,Normal
ring_00541,Security,Vague Abnormal
ring_00542,Security,Abnormal
ring_00549,Security,Vague Abnormal
ring_00553,Wildlife,Abnormal
ring_00557,Wildlife,Abnormal
ring_00559,Security,Normal
ring_00563,"{""choices"":[""Security"",""Wildlife""]}",Abnormal
ring_00564,Security,Abnormal
ring_00566,Security,Normal
ring_00568,Wildlife,Abnormal
ring_00574,Security,Normal
ring_00575,Security,Abnormal
ring_00581,Security,Normal
ring_00583,Security,Normal
ring_00584,Wildlife,Vague Abnormal
ring_00588,Wildlife,Abnormal
ring_00589,Security,Abnormal
ring_00596,Security,Normal
ring_00598,Wildlife,Vague Abnormal
ring_00599,Security,Abnormal
ring_00602,Security,Normal
ring_00603,Pet Monitoring,Normal
ring_00608,Kid Monitoring,Vague Abnormal
ring_00624,Kid Monitoring,Normal
ring_00625,Wildlife,Normal
ring_00627,Wildlife,Abnormal
ring_00632,Security,Normal
ring_00638,Wildlife,Abnormal
ring_00639,Security,Normal
ring_00640,Kid Monitoring,Normal
ring_00641,Wildlife,Abnormal
ring_00642,Security,Abnormal
ring_00643,Security,Normal
ring_00648,Security,Normal
ring_00650,Security,Normal
ring_00658,Wildlife,Abnormal
ring_00659,Pet Monitoring,Abnormal
ring_00668,Security,Abnormal
ring_00671,Security,Normal
ring_00682,Pet Monitoring,Normal
ring_00685,Pet Monitoring,Normal
ring_00688,Wildlife,Abnormal
ring_00694,Security,Normal
ring_00695,Wildlife,Abnormal
ring_00696,Security,Vague Abnormal
ring_00699,Security,Normal
ring_00701,Pet Monitoring,Abnormal
ring_00704,Security,Vague Abnormal
ring_00707,Security,Abnormal
ring_00708,Pet Monitoring,Normal
ring_00712,Security,Abnormal
ring_00713,Security,Normal
ring_00715,Pet Monitoring,Normal
ring_00716,Wildlife,Normal
ring_00717,Security,Abnormal
ring_00718,Wildlife,Abnormal
ring_00720,Security,Normal
ring_00723,Security,Abnormal
ring_00725,Security,Abnormal
ring_00727,Security,Normal
ring_00737,Security,Normal
ring_00741,Security,Normal
ring_00745,Security,Normal
ring_00747,"{""choices"":[""Security"",""Wildlife""]}",Abnormal
ring_00748,Security,Normal
ring_00749,Pet Monitoring,Abnormal
ring_00754,Wildlife,Abnormal
ring_00760,Wildlife,Abnormal
ring_00764,Pet Monitoring,Abnormal
ring_00768,Baby Monitoring,Normal
ring_00771,Wildlife,Abnormal
ring_00774,Pet Monitoring,Abnormal
ring_00776,Security,Abnormal
ring_00781,Security,Vague Abnormal
ring_00786,Pet Monitoring,Normal
ring_00795,Security,Abnormal
ring_00797,Wildlife,Abnormal
ring_00809,Wildlife,Abnormal
ring_00813,Security,Normal
ring_00824,Security,Normal
ring_00825,Wildlife,Abnormal
ring_00829,Security,Normal
ring_00830,Wildlife,Abnormal
ring_00831,Security,Abnormal
ring_00832,"{""choices"":[""Security"",""Pet Monitoring""]}",Vague Abnormal
ring_00833,Pet Monitoring,Abnormal
ring_00839,Wildlife,Abnormal
ring_00844,Security,Abnormal
ring_00850,Security,Normal
ring_00859,Security,Abnormal
ring_00860,Pet Monitoring,Abnormal
ring_00861,Wildlife,Abnormal
ring_00862,Security,Normal
ring_00864,Security,Abnormal
ring_00870,Security,Normal
ring_00873,Kid Monitoring,Normal
ring_00878,Kid Monitoring,Normal
ring_00880,Wildlife,Abnormal
ring_00885,Kid Monitoring,Normal
ring_00886,Pet Monitoring,Normal
ring_00894,Kid Monitoring,Normal
ring_00897,"{""choices"":[""Security"",""Kid Monitoring""]}",Normal
ring_00902,Other Category,Abnormal
ring_00905,Pet Monitoring,Abnormal
ring_00906,Pet Monitoring,Normal
ring_00908,Security,Abnormal
ring_00910,Security,Normal
ring_00912,Wildlife,Abnormal
ring_00915,Baby Monitoring,Normal
ring_00923,Wildlife,Abnormal
ring_00924,Security,Abnormal
ring_00938,Pet Monitoring,Abnormal
ring_00941,Kid Monitoring,Normal
ring_00944,Pet Monitoring,Abnormal
ring_00952,Baby Monitoring,Abnormal
ring_00954,Kid Monitoring,Abnormal
ring_00957,Security,Abnormal
ring_00963,Security,Normal
ring_00970,Security,Abnormal
ring_00975,Security,Normal
ring_01013,Wildlife,Abnormal
ring_01014,Kid Monitoring,Normal
ring_01016,Wildlife,Abnormal
ring_01047,Pet Monitoring,Abnormal
ring_01055,Security,Normal
ring_01057,Security,Abnormal
ring_01058,Security,Abnormal
ring_01063,Security,Abnormal
ring_01066,Security,Normal
ring_01072,Security,Abnormal
ring_01081,Security,Normal
ring_01107,"{""choices"":[""Security"",""Wildlife""]}",Abnormal
ring_01112,Security,Normal
ring_01145,Security,Normal
ring_01146,Security,Normal
ring_01148,Pet Monitoring,Abnormal
ring_01149,Pet Monitoring,Abnormal
ring_01156,Security,Normal
ring_01157,"{""choices"":[""Security"",""Pet Monitoring""]}",Normal
ring_01177,Security,Abnormal
ring_01257,Security,Normal
ring_01274,Baby Monitoring,Normal
ring_01287,Wildlife,Abnormal
ring_01300,"{""choices"":[""Security"",""Wildlife""]}",Abnormal
ring_01302,Pet Monitoring,Abnormal
ring_01304,Pet Monitoring,Normal
ring_01305,"{""choices"":[""Wildlife"",""Pet Monitoring""]}",Abnormal
ring_01311,Pet Monitoring,Normal
ring_01312,Kid Monitoring,Normal
ring_01329,Pet Monitoring,Abnormal
ring_01330,Security,Normal
ring_01340,Wildlife,Abnormal
ring_01345,Security,Vague Abnormal
ring_01349,"{""choices"":[""Wildlife"",""Pet Monitoring""]}",Abnormal
ring_01352,Security,Normal
ring_01357,Pet Monitoring,Normal
ring_01358,Pet Monitoring,Abnormal
ring_01372,Wildlife,Abnormal
ring_01384,Other Category,Vague Abnormal
ring_01400,Security,Abnormal
ring_01424,Security,Abnormal
ring_01428,Security,Normal
ring_01431,Wildlife,Abnormal
ring_01435,Pet Monitoring,Normal
ring_01442,Wildlife,Abnormal
ring_01447,Wildlife,Abnormal
ring_01454,Wildlife,Abnormal
ring_01458,Wildlife,Abnormal
ring_01469,Pet Monitoring,Abnormal
ring_01470,Pet Monitoring,Abnormal
ring_01478,Wildlife,Abnormal
ring_01480,Wildlife,Abnormal
wyze_00001,Pet Monitoring,Normal
wyze_00002,Wildlife,Abnormal
wyze_00003,Security,Normal
wyze_00004,Wildlife,Abnormal
wyze_00005,Security,Vague Abnormal
wyze_00006,Security,Normal
wyze_00007,Pet Monitoring,Normal
wyze_00008,Pet Monitoring,Abnormal
wyze_00009,Wildlife,Abnormal
wyze_00010,Security,Normal
wyze_00011,Pet Monitoring,Abnormal
wyze_00012,Pet Monitoring,Normal
wyze_00013,Security,Normal
wyze_00014,Wildlife,Abnormal
wyze_00015,Other Category,Normal
wyze_00017,Other Category,Normal
wyze_00018,Other Category,Normal
wyze_00019,Other Category,Normal
wyze_00020,Security,Normal
wyze_00021,Wildlife,Abnormal
wyze_00022,Other Category,Normal
wyze_00023,Pet Monitoring,Abnormal
wyze_00024,Wildlife,Abnormal
wyze_00025,Security,Abnormal
wyze_00026,Security,Abnormal
wyze_00027,Security,Vague Abnormal
wyze_00028,Security,Vague Abnormal
wyze_00029,Security,Vague Abnormal
wyze_00030,Wildlife,Abnormal
wyze_00031,Pet Monitoring,Normal
wyze_00032,Security,Normal
wyze_00033,Wildlife,Abnormal
wyze_00034,Wildlife,Normal
wyze_00035,Wildlife,Abnormal
wyze_00036,Security,Abnormal
wyze_00037,Wildlife,Abnormal
suppl_00001,Security,Normal
suppl_00002,Wildlife,Abnormal
suppl_00003,Security,Normal
suppl_00004,Pet Monitoring,Normal
suppl_00005,Baby Monitoring,Abnormal
suppl_00006,Baby Monitoring,Vague Abnormal
suppl_00007,Baby Monitoring,Abnormal
suppl_00008,Baby Monitoring,Abnormal
suppl_00009,Baby Monitoring,Vague Abnormal
suppl_00010,Baby Monitoring,Abnormal
suppl_00011,Baby Monitoring,Abnormal
suppl_00012,Baby Monitoring,Abnormal
suppl_00013,Senior Care,Abnormal
suppl_00014,Senior Care,Abnormal
suppl_00015,Senior Care,Abnormal
suppl_00016,Senior Care,Vague Abnormal
suppl_00017,Senior Care,Abnormal
suppl_00018,Senior Care,Abnormal
suppl_00019,Senior Care,Abnormal
suppl_00020,Senior Care,Abnormal
suppl_00021,Senior Care,Abnormal
suppl_00022,Senior Care,Abnormal
suppl_00023,Senior Care,Normal
suppl_00024,Senior Care,Normal
suppl_00025,Senior Care,Normal
suppl_00026,Senior Care,Normal
suppl_00027,Senior Care,Normal
suppl_00028,Senior Care,Normal
suppl_00029,Senior Care,Normal
suppl_00030,Senior Care,Normal
suppl_00031,Senior Care,Normal
suppl_00032,Senior Care,Normal
vague_normal_00001,Baby Monitoring,Normal
vague_normal_00002,Pet Monitoring,Normal
vague_normal_00003,Pet Monitoring,Vague Abnormal
package_00001,Security,Normal
package_00005,Security,Normal
package_00006,Security,Normal
package_00007,Security,Normal
package_00008,Security,Normal
package_00009,Security,Normal
package_00010,Security,Normal
package_00011,Security,Normal
package_00012,Security,Normal
package_00013,Security,Normal
package_00014,Security,Normal
package_00015,Security,Normal
package_00016,Security,Normal
package_00017,Security,Normal
package_00018,Security,Normal
package_00019,Security,Normal
package_00020,Security,Normal
package_00021,Security,Normal
package_00022,Security,Normal
package_00023,Security,Normal
package_00024,Security,Normal
package_00026,Security,Normal
package_00027,Security,Normal
package_00028,Security,Normal
package_00029,Security,Normal
package_00030,Security,Normal
package_00031,Security,Normal
package_00032,Security,Normal
package_00033,Security,Normal
package_00034,Security,Normal
package_00035,Security,Normal
package_00036,Security,Normal
package_00037,Security,Normal
package_00038,Security,Normal
package_00039,Security,Normal
package_00040,Security,Normal
package_00041,Security,Normal
package_00042,Security,Normal
package_00043,Security,Normal
package_00044,Security,Normal
package_00045,Security,Normal
package_00046,Security,Normal
package_00047,Security,Normal
package_00048,Security,Normal
package_00049,Security,Normal
package_00050,Security,Normal
package_00051,Security,Normal
package_00052,Security,Normal
package_00053,Security,Normal
package_00056,Security,Normal
package_00057,Security,Normal
package_00058,Security,Normal
package_00059,Security,Abnormal
package_00060,Security,Abnormal
package_00062,Security,Normal
package_00063,Security,Normal
package_00064,Security,Normal
package_00065,Security,Normal
package_00066,Security,Normal
package_00067,Security,Normal
package_00068,Security,Normal
package_00069,Security,Normal
package_00070,Security,Normal
package_00071,Security,Normal
package_00072,Security,Normal
package_00073,Security,Normal
package_00074,Security,Normal
package_00075,Security,Normal
package_00076,Security,Normal
package_00077,Security,Normal
package_00078,Security,Normal
package_00079,Security,Normal
package_00080,Security,Normal
package_00081,Security,Normal
package_00082,Security,Normal
package_00083,Security,Normal
package_00084,Security,Normal
package_00085,Security,Normal
package_00086,Security,Normal
package_00087,Security,Normal
package_00088,Security,Normal
package_00089,Security,Normal
package_00091,Security,Normal
package_00092,Security,Normal
package_00093,Security,Normal
package_00094,Security,Normal
package_00095,Security,Normal
package_00096,Security,Normal
package_00097,Security,Normal
Wyze_team_00000,Security,Normal
Wyze_team_00001,Security,Normal
Wyze_team_00002,Security,Normal
Wyze_team_00003,Security,Normal
Wyze_team_00004,Security,Normal
Wyze_team_00005,Security,Normal
Wyze_team_00006,Security,Normal
Wyze_team_00007,Security,Normal
Wyze_team_00008,Security,Normal
Wyze_team_00009,Security,Normal
Wyze_team_00010,Security,Normal
Wyze_team_00011,Security,Normal
Wyze_team_00012,Security,Normal
Wyze_team_00013,Security,Normal
Wyze_team_00014,Security,Normal
Wyze_team_00015,Security,Normal
Wyze_team_00016,Security,Normal
Wyze_team_00017,Security,Normal
Wyze_team_00018,Security,Normal
Wyze_team_00019,Security,Normal
Wyze_team_00020,Security,Normal
Wyze_team_00021,Pet Monitoring,Normal
Wyze_team_00022,Security,Normal
Wyze_team_00023,Security,Normal
Wyze_team_00024,Security,Normal
Wyze_team_00025,Security,Normal
Wyze_team_00026,Security,Normal
Wyze_team_00027,Security,Normal
Wyze_team_00028,Security,Normal
Wyze_team_00029,Security,Normal
Wyze_team_00030,Security,Normal
Wyze_team_00031,Security,Normal
Wyze_team_00032,Security,Normal
Wyze_team_00033,Security,Normal
Wyze_team_00034,Security,Normal
Wyze_team_00035,Security,Normal
Wyze_team_00036,Security,Normal
Wyze_team_00037,Security,Normal
Wyze_team_00038,Security,Normal
Wyze_team_00039,Pet Monitoring,Normal
Wyze_team_00040,Pet Monitoring,Normal
Wyze_team_00041,Security,Normal
Wyze_team_00042,Security,Normal
Wyze_team_00043,Pet Monitoring,Vague Abnormal
Wyze_team_00044,Security,Normal
Wyze_team_00045,Security,Normal
Wyze_team_00046,Security,Normal
Wyze_team_00047,Pet Monitoring,Normal
Wyze_team_00048,Security,Normal
Wyze_team_00049,Security,Normal
Wyze_team_00050,Pet Monitoring,Normal
Wyze_team_00051,Security,Vague Abnormal
Wyze_team_00052,Security,Normal
Wyze_team_00053,Security,Normal
Wyze_team_00054,Security,Normal
Wyze_team_00055,Security,Normal
Wyze_team_00056,Security,Normal
Wyze_team_00057,Security,Normal
Wyze_team_00058,Security,Normal
Wyze_team_00059,Security,Normal
Wyze_team_00060,Security,Normal
Wyze_team_00061,Security,Normal
Wyze_team_00062,Security,Normal
Wyze_team_00063,Security,Normal
Wyze_team_00064,Security,Normal
Wyze_team_00065,Security,Normal
Wyze_team_00066,Security,Normal
Wyze_team_00067,Security,Normal
Wyze_team_00068,Security,Normal
Wyze_team_00069,Security,Normal
Wyze_team_00070,Security,Normal
Wyze_team_00071,Security,Normal
Wyze_team_00072,Security,Normal
Wyze_team_00073,Security,Normal
Wyze_team_00074,Security,Normal
Wyze_team_00075,Security,Normal
Wyze_team_00076,Security,Normal
Wyze_team_00077,Pet Monitoring,Normal
Wyze_team_00078,Security,Normal
Wyze_team_00079,Security,Normal
Wyze_team_00080,Security,Normal
Wyze_team_00081,Security,Normal
Wyze_team_00082,Security,Normal
Wyze_team_00083,Security,Normal
Wyze_team_00084,Pet Monitoring,Normal
Wyze_team_00085,Security,Normal
Wyze_team_00086,Security,Normal
Wyze_team_00087,Security,Normal
Wyze_team_00088,Security,Normal
Wyze_team_00089,Security,Normal
Wyze_team_00090,Security,Normal